row_index,response_id
0,a8c1252dbdaacf2389de
1,e3d64066dde3f728a446
2,115d3be1de4a16502403
3,5f36ec054b09aafc876e
4,d01b803e842f0f62fa41
5,51a42d4a55f95218e7fc
6,11c12fda2c801b266766
7,01253066c237e4e2ed1e
8,17044cc41f1ae4283bc5
9,15e1dfb4ea954289f1a8
10,ac97fb4e938fcdeeae29
11,014b5aa2b497fcd43803
12,fb74b51194338c472a02
13,ad95b1f05197d49f2af8
14,2e76c92ec33ee0bc451b
15,0d5463e0c67d061eea03
16,71aac1898522f93e8dfd
17,668643830b4a7cf6ab97
18,a85455637e33d805e490
19,b5ed99b0571583adf2fc
20,d6707046631f0038e617
21,474fa4818b37fdd106b5
22,fd8e57d87416c99fcdb6
23,81b949a7042f552daa84
24,e4020e7fc5a60a010859
25,87e1f3acbc1b14250383
26,44899a957bc8c3755e79
27,799beb71f1b9c2b57c3f
28,e7e1e9651d9fc582bc66
29,5f4ba2f0ae4a370951dc
30,1717611ec81e6444bbb5
31,96b10a129b6a8de9a0f8
32,edc5e275f289d2dcae2b
33,221e46a22fa4340d14c0
34,f36c3d3f876b11a2e219
35,1d69513b5aefaa0febdc
36,c4e649a78de25d12207d
37,13a0a633e67f90d1932a
38,916aa9623e018aa7254e
39,c2941d17cf714eb070cc
40,730aee8926016d833e41
41,690582eee974d4834e55
42,54be4ff35a827503316c
43,e116ffc0bf253baa623d
44,21d16337a366b926882c
45,c9eefe0dc92c615a0f8d
46,c322aedb7b23ae5349ac
47,265c66b337aec1ca91eb
48,f74168bf2ecc5d49f509
49,07ddc10ddfb9a7e950da
50,db7bcb2f4b7b801abab0
51,27378a4a88f8237a226c
52,398ec0609f168d86edec
53,f4de8a0b67c073d4aaeb
54,e0c0d1bf2a937113d2af
55,b18582d23666e9ca024a
56,beb0c5331a0e39bf6e94
57,66b7c70e32e6b7dd2c8b
58,bb478b4543bf359acd1c
59,9b2a8a99599addd07c7a
60,ff31d66c1416be314384
61,b04d35900cb578131981
62,99632b35b99acc185dc0
63,761d02f05ee58cbc7ab7
64,d6caf040e9a11385a978
65,8dacf94c26b8aba67157
66,f8b5ac1b761f74daaf08
67,b6e3c340ce41032c966c
68,45f4bcf89ecf47a3bb3e
69,206a4aadedf6de957c79
70,b25400104f46424e2887
71,5829188c34960f71e7e4
72,c4660ad0cd5137c4a780
73,65f6e24ee95a1c18a229
74,0720d2650125a565b11a
75,22d41593feea8244d0fd
76,8dd61b92e4dd7d6d46d4
77,dc81f7611ab1e65633e0
78,fc430dd9037525ff6745
79,c8ecca7ad9e5a0a50423
80,92168662d9f06c90503f
81,ce385006e2bb4dca071d
82,08010c4bd3144bbaa999
83,068f98a01c72ce293fc2
84,06d5586147e10df97716
85,5367014a6f3ab73f034d
86,d761b54142f4bbc0de5c
87,e01ecec5239597a0007b
88,b5d2488c6783dcca7dfa
89,126d350fea8205818ce5
90,556c5dee734f0583108c
91,e63ed74b5665496908d0
92,18b78ec6e7b199b78a20
93,d7698a052af50356b48b
94,d6a71d8ea78e305b28a2
95,2637ceab75f51c013907
96,81f618c7c9c822fc5525
97,6a3873f87bc186074c64
98,3f820345cb4b5de43b72
99,dded7d9630cf4fabb268
100,d9ca9700dd80ba05cec3
101,3b9abe2d7341dbf23c27
102,79900d9bd0d7ffdb4906
103,669e49a2c3cb4a815e56
104,fb357cc72bb5f5554a5a
105,6c87698219b479b27976
106,9f30fdacdacf56a36029
107,f02e2bf57e165227ddd6
108,e21ebf632e4052492b07
109,56e34835c130e0b54138
110,48d22dcef6da251dfaa2
111,aceb5e6a66607698cfb1
112,798592ebd400174a037b
113,ea8e85bb5faed319bc63
114,323d0cddc1b74abb60d7
115,d50ef21dded6b437ad18
116,f5747a5388b7096c5a77
117,a2449d2018a5b96c7df1
118,961df5d99cb4b1e2cc5c
119,63dae577df731edc915e
120,880d265a421da9824f5a
121,b20818555ede9bce0c3e
122,dd8d447a525476067732
123,2ba12dafb953179f8fcb
124,39d6c3a442629601ddfc
125,d8da18e56d8328b94668
126,b2134e0309f5338b9a16
127,d3f6b49f6729b596251e
128,9bbe583a878ddf37d9b8
129,9f84abff16fa7250e67d
130,544ef753e6697e366cb2
131,84ec31bbfcf81442a2ed
132,d11ced4a206d7e95ae7b
133,99159e05d38a9bdcc1e6
134,73891141634df5ad735f
135,aaa582906b80392a149f
136,8b37bbeb70b108085b64
137,de0ad06575616de2f46d
138,c4b189f8c256dcd6bd2d
139,bb2305c208aa36acf0e0
140,080ea20f8c5246884aa8
141,20456060318aea14921c
142,a3459d9605294c80638d
143,71b4b0f9aa1cdcec44fa
144,0ec64193c6fc3c5ba5e2
145,f044693fa1fb7bc89cc3
146,42e73005c0f11e10d6d6
147,b015b069298e66e4a7a9
148,1f852ab8184f1e215566
149,fd6a05e0a22085f5f463
150,51a03b06ea4797038c67
151,ffa0ab46b64ff87dcb28
152,497daa348ee817fed9fd
153,111c28bfa5c0accde846
154,f7f6ea7fbbc5f39f0871
155,9d4878eeb5ca065a72e1
156,e1604576c68edf8262ff
157,ca493a9035c6157b5b66
158,667dc9ece55560368ab1
159,59447a050e4ed8149e43
160,7cc008ab133960016793
161,78d1ba1b589d1d5869b5
162,ce438ca5a1ab1ace5e96
163,5c55b2c38d68b04541fd
164,5aaa98bb573442954e81
165,ce0aca931284aa36b6a1
166,356e6336da59016baa3c
167,8f6e578c302b77240c04
168,20e95cd7d3f50f2254ab
169,a9d74ac72db244911f75
170,7e9e79759e9a3b353653
171,1cfa7fccca63d6866e3c
172,ec4ce0627cd248e611a4
173,6384fb7bbd74ffb41e21
174,345533099e734ed5951b
175,b667911b02e79b364577
176,2413e287855029ff2e38
177,58456e1c31a95c959b95
178,7d6ad1192e4618defa24
179,0b7902a116d5bfe3ee00
180,c4c93947fe105412b5f5
181,4d35508862023edc1eaa
182,135494372beae6d53162
183,0da4805c32807fda82a8
184,6790b4297da1bc7898ae
185,75f33c3d9db99d96143f
186,d7172954315ee38a75ac
187,944d22a7c9c587a1b97c
188,78ae9d600a17ef1a9cbc
189,276b7112dd06f6f95c95
190,39f96279f491889f93b9
191,f1525bd45717d21f14ec
192,f40342d688d90a42d2b4
193,91eff98231f9b34ae780
194,0fd75598bd1f6090b239
195,75d02fbcf287b610f7f3
196,a0b51cf4ae3bfda7aed5
197,273b1dc0809fefd0c5c9
198,ad77cfd68edc489c9ca8
199,c91e135ad4963054b530
200,defe7deec48a7ac45fd5
201,d1e706b1dd43ede6eeea
202,08162869d9ffe01c8147
203,6222e5bac994768cd1a7
204,18852f1bae029776e0c8
205,216ac96eeee3a638458e
206,1a334c682a5ced294117
207,fd004ce01ca00b70c1e8
208,9e05cfb96abb8099caf7
209,9d0c0a4d03cd3b189fd0
210,5cc5f146bad01b53bb36
211,14e3f88ceab612304aed
212,32bc15d53eb31dd82f0e
213,445c74a8974c6aca1762
214,6a5ff9d52fd0481468f7
215,1a61941b6feb3e4f375c
216,f4b2291370f04f4b3277
217,7224361e1812412e4ab9
218,abe2892529e5db7124b6
219,e81752870d033a789096
220,f3ff521dda6b1dcdce4f
221,50db436240b9d21e612a
222,e0c2664dff0d9bf943af
223,b0dd5fd7099d5319b72c
224,63e1cddccb9ea0adaf1e
225,34dcf74fcfce39e0bb74
226,576dcfe3733f1647912e
227,c468c435a7a17a102ab4
228,a0d00ff0441e098287b4
229,26fa95c03f742168d816
230,9af6c873617a57ae639a
231,b83d0d490367d5b2582c
232,069f1c3452eac3649aba
233,f2af7de14fafe3c76fe0
234,fd13767cc30ecf8232ad
235,8553081f49e9271e9bda
236,c72974a0929085eaec71
237,624fdf9d4a17a64ec1f9
238,54ce859b9153e2f1e60d
239,bb555b49b53cf2d3632d
240,0ce8a63204d8e587d717
241,1a38344d7b351cf1f67d
242,67f10a03381e67e5b2f7
243,d11050da2b9243c5297a
244,511b918710a205dc609d
245,65c7ee8049d4b1dd2de8
246,f96206022934ef68b708
247,03a8e07507f4d1f0cd13
248,cd6453b4971900532647
249,0eec6711ce83e9541031
